objectid,statefp10,countyfp10,tractce10,blkgrpce10,geoid10,geoid10v2,namelsad10,mtfcc10,funcstat10,aland10,awater10,intptlat10,intptlon10,hood,hood_no,acres,sqmiles,sectors,tract,cdbg2014,tracttext,objectid_1,tractce10_1,cnt_tractce10,sum_lowmod2018,sum_lowmoduniv,lowmodperct,lowmodpercanno,cdbg2018,Shape__Area,Shape__Length
1,42,3,40500,1,420030405001,42003040500,Block Group 1,G5030,S,268195,0,40.4406805,-79.9542332,Central Oakland,20,180.883,0.281,14,405,Yes,405,7,40500,2,2775,2985,92.96482412,92.96,Yes,5079491.995,10442.03645
2,42,3,40400,1,420030404001,42003040400,Block Group 1,G5030,S,75472,0,40.4458408,-79.9483932,North Oakland,56,320.679,0.499,14,404,Yes,404,6,40400,2,1365,2020,67.57425743,67.57,Yes,2105489.361,6609.688123
3,42,3,40200,2,420030402002,42003040200,Block Group 2,G5030,S,282679,0,40.4412437,-79.9626107,West Oakland,88,138.372,0.215,14,402,Yes,402,5,40200,2,1070,1290,82.94573643,82.94,Yes,5998648.885,18280.48408
4,42,3,30500,2,420030305002,42003030500,Block Group 2,G5030,S,284548,0,40.4403871,-79.9813476,Crawford-Roberts,24,166.101,0.258,15,305,Yes,305,4,30500,2,1635,2130,76.76056338,76.76,Yes,7203631.273,15694.77144
5,42,3,980000,1,420039800001,42003980000,Block Group 1,G5030,S,637235,237268,40.487579,-79.8907469,Lincoln-Lemington-Belmar,47,180.105,0.28,11,9800,No,9800,125,980000,1,65,220,29.54545455,29.54,No,7764865.671,13581.87509
6,42,3,20300,1,420030203001,42003020300,Block Group 1,G5030,S,1593129,329216,40.4544996,-79.9812762,Strip District,80,390.864,0.608,13,203,No,203,3,20300,1,110,730,15.06849315,15.06,No,16948752.79,24019.53267
7,42,3,20100,4,420030201004,42003020100,Block Group 4,G5030,S,281715,0,40.4406777,-79.9892121,Central Business District,17,411.593,0.64,16,201,No,201,2,20100,6,1125,2875,39.13043478,39.13,No,17845910.19,23034.92906
8,42,3,262000,1,420032620001,42003262000,Block Group 1,G5030,S,607576,0,40.4632158,-79.994168,Spring Hill-City View,75,404.765,0.63,1,2620,Yes,2620,93,262000,3,1665,2360,70.55084746,70.55,Yes,17543400.4,18197.70607
9,42,3,261500,1,420032615001,42003261500,Block Group 1,G5030,S,350522,0,40.4733966,-80.0097343,Perry South,62,581.656,0.905,2,2615,Yes,2615,92,261500,2,1055,1485,71.04377104,71.04,Yes,12171522.23,20804.7854
10,42,3,261400,2,420032614002,42003261400,Block Group 2,G5030,S,353594,0,40.4619992,-80.0134962,Perry South,62,581.656,0.905,2,2614,Yes,2614,91,261400,4,1500,1780,84.26966292,84.26,Yes,13045221.51,17955.71198
11,42,3,261200,1,420032612001,42003261200,Block Group 1,G5030,S,1057787,0,40.4922173,-80.0081121,Summer Hill,81,282.104,0.439,1,2612,No,2612,90,261200,1,385,1190,32.35294118,32.35,No,12232534.02,20906.82941
12,42,3,260900,1,420032609001,42003260900,Block Group 1,G5030,S,812036,0,40.4776383,-80.0025945,Northview Heights,58,201.558,0.313,1,2609,Yes,2609,89,260900,1,1490,1545,96.44012945,96.44,Yes,8727371.216,13757.33195
13,42,3,260700,2,420032607002,42003260700,Block Group 2,G5030,S,301991,0,40.4818975,-80.01087,Perry North,61,779.088,1.212,2,2607,Yes,2607,88,260700,2,685,1730,39.59537572,39.59,No,7230346.359,17023.91618
14,42,3,563100,2,420035631002,42003563100,Block Group 2,G5030,S,880129,0,40.43201,-80.0530374,Westwood,89,445.009,0.692,4,5631,No,5631,123,563100,3,1720,3855,44.61738003,44.61,No,29487865.52,32824.11552
15,42,3,562400,5,420035624005,42003562400,Block Group 5,G5030,S,138709,0,40.419736,-79.9991617,Beltzhoover,9,270.374,0.421,6,5624,No,5624,116,562400,5,1700,2620,64.88549618,64.88,Yes,20475606.61,20441.66704
16,42,3,981000,1,420039810001,42003981000,Block Group 1,G5030,S,1377043,0,40.4730821,-79.9488759,Central Lawrenceville,18,619.199,0.963,13,9810,No,9810,134,981000,1,0,0,0,0,No,14947687.32,20578.37522
17,42,3,170200,1,420031702001,42003170200,Block Group 1,G5030,S,406640,81747,40.4302576,-79.9922422,South Side Flats,72,601.553,0.936,7,1702,No,1702,65,170200,4,1700,2965,57.33558179,57.33,Yes,12045371.45,17671.09402
18,42,3,180300,3,420031803003,42003180300,Block Group 3,G5030,S,140530,0,40.4191918,-79.9927314,Allentown,3,189.608,0.295,6,1803,Yes,1803,67,180300,3,1880,2525,74.45544554,74.45,Yes,8221046.104,16208.01488
19,42,3,170600,1,420031706001,42003170600,Block Group 1,G5030,S,326725,0,40.4249025,-79.9876098,South Side Slopes,73,460.632,0.716,7,1706,Yes,1706,66,170600,3,1020,1750,58.28571429,58.28,Yes,8789704.432,22377.19641
20,42,3,10300,2,420030103002,42003010300,Block Group 2,G5030,S,267511,0,40.4369004,-79.9903987,Bluff,11,210.51,0.327,15,103,Yes,103,1,10300,4,300,465,64.51612903,64.51,Yes,9127091.448,15724.3898
21,42,3,260200,3,420032602003,42003260200,Block Group 3,G5030,S,252788,7193,40.492508,-80.0177905,Perry North,61,779.088,1.212,2,2602,No,2602,87,260200,3,1015,1965,51.65394402,51.65,Yes,14586018.83,30826.78573
22,42,3,180700,2,420031807002,42003180700,Block Group 2,G5030,S,128061,0,40.4247086,-80.0011285,Mount Washington,54,732.495,1.139,6,1807,No,1807,68,180700,3,1510,2235,67.56152125,67.56,Yes,4248796.352,8943.067834
23,42,3,250900,2,420032509002,42003250900,Block Group 2,G5030,S,384629,0,40.464157,-80.0039415,Fineview,33,160.488,0.25,3,2509,Yes,2509,86,250900,2,740,1270,58.26771654,58.26,Yes,6962398.591,12621.96851
24,42,3,562900,1,420035629001,42003562900,Block Group 1,G5030,S,1385581,586785,40.4096285,-79.9486102,Hazelwood,39,1017.805,1.583,9,5629,Yes,5629,121,562900,3,980,1700,57.64705882,57.64,Yes,72175081.72,92710.50118
25,42,3,561900,2,420035619002,42003561900,Block Group 2,G5030,S,652899,0,40.4670321,-79.8924785,Lincoln-Lemington-Belmar,47,984.873,1.532,11,5619,Yes,5619,113,561900,2,1590,2370,67.08860759,67.08,Yes,13464637.38,20789.00201
26,42,3,130600,1,420031306001,42003130600,Block Group 1,G5030,S,365630,0,40.4521925,-79.8817225,East Hills,28,348.077,0.541,11,1306,Yes,1306,49,130600,3,2105,2860,73.6013986,73.6,Yes,15079351.58,22185.53881
27,42,3,40900,3,420030409003,42003040900,Block Group 3,G5030,S,253498,0,40.4308074,-79.9518013,South Oakland,70,326.793,0.508,14,409,Yes,409,9,40900,3,2140,2830,75.61837456,75.61,Yes,9955922.425,18071.68807
28,42,3,562300,5,420035623005,42003562300,Block Group 5,G5030,S,394540,0,40.4142957,-79.9369121,Hazelwood,39,1017.805,1.583,9,5623,Yes,5623,115,562300,6,2390,3435,69.57787482,69.57,Yes,33451749.66,25861.11233
29,42,3,151700,4,420031517004,42003151700,Block Group 4,G5030,S,157178,0,40.4216327,-79.9353993,Greenfield,37,497.028,0.773,9,1517,No,1517,62,151700,6,1980,5065,39.09180652,39.09,No,12762487.07,16076.30688
30,42,3,151600,3,420031516003,42003151600,Block Group 3,G5030,S,132031,0,40.4227661,-79.9448461,Greenfield,37,497.028,0.773,9,1516,No,1516,61,151600,3,810,2620,30.91603053,30.91,No,8784063.349,14805.8235
31,42,3,141400,3,420031414003,42003141400,Block Group 3,G5030,S,294702,0,40.4266034,-79.9185733,Squirrel Hill South,77,1717.485,2.671,10,1414,No,1414,60,141400,5,1900,5770,32.92894281,32.92,No,21720648.58,24542.50674
32,42,3,141300,3,420031413003,42003141300,Block Group 3,G5030,S,202656,0,40.4320453,-79.9253363,Squirrel Hill South,77,1717.485,2.671,10,1413,No,1413,59,141300,3,2465,5045,48.86025768,48.86,No,9665536.966,15890.59932
33,42,3,250300,1,420032503001,42003250300,Block Group 1,G5030,S,243738,0,40.4584905,-80.0120067,Central Northside,19,166.475,0.259,3,2503,No,2503,84,250300,1,835,1375,60.72727273,60.72,Yes,2623346.379,7703.44619
34,42,3,241200,2,420032412002,42003241200,Block Group 2,G5030,S,172183,0,40.4600565,-79.9915198,Spring Garden,74,176.506,0.275,1,2412,Yes,2412,83,241200,2,515,840,61.30952381,61.3,Yes,7656047.406,21430.36806
35,42,3,562000,2,420035620002,42003562000,Block Group 2,G5030,S,269504,0,40.4552789,-79.9531593,North Oakland,56,320.679,0.499,14,5620,Yes,5620,114,562000,3,2170,2865,75.7417103,75.74,Yes,6333196.122,15320.90126
36,42,3,80900,2,420030809002,42003080900,Block Group 2,G5030,S,158489,0,40.464524,-79.942963,Bloomfield,10,451.405,0.702,12,809,Yes,809,26,80900,2,895,1635,54.74006116,54.74,Yes,4092373.574,11960.20319
37,42,3,240600,2,420032406002,42003240600,Block Group 2,G5030,S,495750,0,40.4611811,-79.9859947,Troy Hill,84,247.17,0.384,1,2406,Yes,2406,82,240600,3,1845,3515,52.48933144,52.48,Yes,12828150.18,29583.62067
38,42,3,220600,2,420032206002,42003220600,Block Group 2,G5030,S,166959,0,40.4572412,-80.0051339,Central Northside,19,166.475,0.259,3,2206,No,2206,81,220600,2,690,1445,47.75086505,47.75,No,4596214.023,12485.64577
39,42,3,981800,1,420039818001,42003981800,Block Group 1,G5030,S,1652680,310067,40.4790228,-79.8942288,Lincoln-Lemington-Belmar,47,984.873,1.532,11,9818,No,9818,137,981800,1,20,20,100,100,Yes,17601350.56,24294.72665
40,42,3,80200,2,420030802002,42003080200,Block Group 2,G5030,S,92307,0,40.4617308,-79.9522528,Bloomfield,10,451.405,0.702,12,802,Yes,802,22,80200,2,945,1710,55.26315789,55.26,Yes,3719262.221,7816.210131
41,42,3,160800,1,420031608001,42003160800,Block Group 1,G5030,S,122567,0,40.4229739,-79.970767,South Side Slopes,73,460.632,0.716,7,1608,Yes,1608,63,160800,4,1795,2800,64.10714286,64.1,Yes,11183318.43,16043.30414
42,42,3,101800,2,420031018002,42003101800,Block Group 2,G5030,S,797007,0,40.4847864,-79.9385823,Stanton Heights,79,472.615,0.735,13,1018,No,1018,35,101800,2,950,2505,37.9241517,37.92,No,12869914.73,23658.34243
43,42,3,60300,1,420030603001,42003060300,Block Group 1,G5030,S,391220,0,40.4621267,-79.9609234,Lower Lawrenceville,48,276.392,0.43,13,603,Yes,603,15,60300,2,1620,2545,63.65422397,63.65,Yes,11984339.34,15396.2732
44,42,3,80700,2,420030807002,42003080700,Block Group 2,G5030,S,143135,0,40.4592964,-79.9351049,Friendship,34,68.297,0.106,12,807,Yes,807,25,80700,2,1090,1790,60.89385475,60.89,Yes,2960456.167,7707.157832
45,42,3,290400,3,420032904003,42003290400,Block Group 3,G5030,S,275844,0,40.384419,-79.9867635,Carrick,16,1075.67,1.673,5,2904,No,2904,103,290400,5,2085,3855,54.08560311,54.08,Yes,17267959.61,29974.92252
46,42,3,981100,1,420039811001,42003981100,Block Group 1,G5030,S,876833,0,40.4420424,-79.906331,Point Breeze,63,645.695,1.004,10,9811,No,9811,135,981100,1,0,0,0,0,No,9428733.793,14525.90163
47,42,3,190300,1,420031903001,42003190300,Block Group 1,G5030,S,502688,0,40.4348905,-80.0135312,Mount Washington,54,732.495,1.139,6,1903,No,1903,69,190300,2,735,1985,37.02770781,37.02,No,8872286.602,19012.56926
48,42,3,101600,1,420031016001,42003101600,Block Group 1,G5030,S,464605,0,40.4703739,-79.9393307,Garfield,35,294.077,0.457,12,1016,Yes,1016,33,101600,1,790,990,79.7979798,79.79,Yes,5000519.342,11149.69641
49,42,3,191100,2,420031911002,42003191100,Block Group 2,G5030,S,884630,0,40.4386014,-80.0260996,Duquesne Heights,25,400.468,0.623,6,1911,No,1911,70,191100,2,1030,2525,40.79207921,40.79,No,17361817.9,19324.72102
50,42,3,191400,1,420031914001,42003191400,Block Group 1,G5030,S,380257,0,40.4292007,-80.0064823,Mount Washington,54,732.495,1.139,6,1914,Yes,1914,71,191400,2,1470,2580,56.97674419,56.97,Yes,10148433.94,18909.3294
51,42,3,110600,2,420031106002,42003110600,Block Group 2,G5030,S,227776,0,40.4752841,-79.9162654,Highland Park,40,747.691,1.163,12,1106,No,1106,37,110600,3,905,2525,35.84158416,35.84,No,6836392.527,12680.31788
52,42,3,141100,1,420031411001,42003141100,Block Group 1,G5030,S,1226338,163168,40.4196414,-79.9075532,Swisshelm Park,82,308.575,0.48,10,1411,No,1411,58,141100,1,365,1340,27.23880597,27.23,No,13379173.99,20791.54463
53,42,3,110200,1,420031102001,42003110200,Block Group 1,G5030,S,144791,0,40.4780209,-79.9195862,Highland Park,40,747.691,1.163,12,1102,No,1102,36,110200,4,2210,4220,52.36966825,52.36,Yes,8687402.192,12482.19903
54,42,3,101700,2,420031017002,42003101700,Block Group 2,G5030,S,217979,0,40.4672423,-79.94337,Garfield,35,294.077,0.457,12,1017,Yes,1017,34,101700,2,1025,1540,66.55844156,66.55,Yes,4224444.85,9313.072225
55,42,3,210700,2,420032107002,42003210700,Block Group 2,G5030,S,359658,0,40.4578695,-80.0264589,Manchester,49,179.566,0.279,3,2107,Yes,2107,80,210700,2,1240,1935,64.08268734,64.08,Yes,7786246.772,12521.87516
56,42,3,980100,1,420039801001,42003980100,Block Group 1,G5030,S,1440881,252755,40.4798795,-79.9165548,Highland Park,40,747.691,1.163,12,9801,No,9801,126,980100,1,15,25,60,60,Yes,16896019.47,26209.25306
57,42,3,101100,3,420031011003,42003101100,Block Group 3,G5030,S,249635,0,40.4818107,-79.9477736,Upper Lawrenceville,86,260.349,0.405,13,1011,Yes,1011,31,101100,3,1870,2750,68,68,Yes,11290033.62,19198.89717
58,42,3,140600,3,420031406003,42003140600,Block Group 3,G5030,S,184852,0,40.4430458,-79.8953704,Point Breeze,63,645.695,1.004,10,1406,No,1406,55,140600,3,860,3055,28.15057283,28.15,No,9587384.436,17569.4121
59,42,3,120400,1,420031204001,42003120400,Block Group 1,G5030,S,176103,0,40.4633748,-79.9087841,Larimer,45,286.16,0.445,12,1204,Yes,1204,42,120400,2,635,720,88.19444444,88.19,Yes,4700919.762,9535.316228
60,42,3,191600,3,420031916003,42003191600,Block Group 3,G5030,S,170636,0,40.4126628,-80.0211465,Beechview,8,938.804,1.46,5,1916,Yes,1916,73,191600,5,2490,4445,56.01799775,56.01,Yes,26039002.55,25482.36365
61,42,3,191700,1,420031917001,42003191700,Block Group 1,G5030,S,1471688,0,40.4043578,-80.0109294,Brookline,14,1338.669,2.082,5,1917,No,1917,74,191700,3,1605,3670,43.73297003,43.73,No,20043023.29,22296.90051
62,42,3,101400,4,420031014004,42003101400,Block Group 4,G5030,S,149377,0,40.4799173,-79.9300799,Morningside,52,245.637,0.382,12,1014,No,1014,32,101400,4,1455,3250,44.76923077,44.76,No,10650919.57,27030.74956
63,42,3,100500,2,420031005002,42003100500,Block Group 2,G5030,S,382760,0,40.4781242,-79.9393683,Stanton Heights,79,472.615,0.735,13,1005,No,1005,30,100500,2,1220,2200,55.45454545,55.45,Yes,7623074.866,11890.47985
64,42,3,90100,2,420030901002,42003090100,Block Group 2,G5030,S,305316,115879,40.4747088,-79.9639616,Central Lawrenceville,18,619.199,0.963,13,901,Yes,901,27,90100,2,875,1785,49.01960784,49.01,No,7144795.146,11542.78028
65,42,3,90200,3,420030902003,42003090200,Block Group 3,G5030,S,72097,0,40.4664653,-79.9570743,Central Lawrenceville,18,619.199,0.963,13,902,No,902,28,90200,3,1370,2805,48.84135472,48.84,No,4755654.983,10005.36314
66,42,3,90300,2,420030903002,42003090300,Block Group 2,G5030,S,102533,0,40.4640387,-79.9556576,Bloomfield,10,451.405,0.702,12,903,Yes,903,29,90300,2,1145,1655,69.18429003,69.18,Yes,2772039.303,7663.158623
67,42,3,982200,1,420039822001,42003982200,Block Group 1,G5030,S,505672,0,40.4444879,-79.9547652,North Oakland,56,320.679,0.499,14,9822,Yes,9822,138,982200,1,55,80,68.75,68.75,Yes,5466005.882,16401.48649
68,42,3,191800,3,420031918003,42003191800,Block Group 3,G5030,S,190085,0,40.3895301,-80.0171435,Brookline,14,1338.669,2.082,5,1918,No,1918,75,191800,7,1950,5260,37.07224335,37.07,No,15645170.95,23650.35822
69,42,3,202300,4,420032023004,42003202300,Block Group 4,G5030,S,835320,0,40.4127817,-80.0357088,Banksville,6,622.919,0.969,5,2023,No,2023,79,202300,4,1455,3695,39.37753721,39.37,No,26992505.54,25473.01539
70,42,3,563000,2,420035630002,42003563000,Block Group 2,G5030,S,574770,0,40.4597668,-80.07783,Windgap,90,266.678,0.415,4,5630,No,5630,122,563000,4,1550,3210,48.28660436,48.28,No,42126702.48,36403.19931
71,42,3,561600,2,420035616002,42003561600,Block Group 2,G5030,S,863468,0,40.4138332,-79.96327,Arlington,4,302.32,0.47,7,5616,Yes,5616,111,561600,4,1560,2120,73.58490566,73.58,Yes,16778608.74,20946.55903
72,42,3,561700,1,420035617001,42003561700,Block Group 1,G5030,S,807397,0,40.4088032,-79.9721874,St. Clair,78,199.285,0.31,7,5617,Yes,5617,112,561700,2,590,870,67.81609195,67.81,Yes,11513837.1,13780.75988
73,42,3,202200,3,420032022003,42003202200,Block Group 3,G5030,S,174657,0,40.4580322,-80.0647449,Sheraden,69,572.125,0.89,4,2022,No,2022,78,202200,3,1570,2905,54.04475043,54.04,Yes,9503639.678,16591.90768
74,42,3,980700,1,420039807001,42003980700,Block Group 1,G5030,S,563109,416134,40.4366295,-80.0102703,South Shore,71,136.201,0.212,16,9807,No,9807,131,980700,1,10,10,100,100,Yes,5903825.537,21342.88076
75,42,3,562700,1,420035627001,42003562700,Block Group 1,G5030,S,374415,0,40.4507843,-80.0144032,Allegheny West,2,90.841,0.141,3,5627,Yes,5627,119,562700,2,955,1690,56.50887574,56.5,Yes,9770255.351,14096.96177
76,42,3,562600,2,420035626002,42003562600,Block Group 2,G5030,S,579141,0,40.4400199,-80.0409711,Elliott,30,389.87,0.606,4,5626,No,5626,118,562600,4,1640,2725,60.18348624,60.18,Yes,22485939.06,27580.25657
77,42,3,191900,1,420031919001,42003191900,Block Group 1,G5030,S,209525,0,40.3973803,-80.0201213,Brookline,14,1338.669,2.082,5,1919,No,1919,76,191900,3,1020,1920,53.125,53.125,Yes,6548638.955,14212.48349
78,42,3,80600,2,420030806002,42003080600,Block Group 2,G5030,S,170535,0,40.4582793,-79.9397403,Bloomfield,10,451.405,0.702,12,806,No,806,24,80600,2,1035,2050,50.48780488,50.48,No,4358141.977,8854.933869
79,42,3,80400,2,420030804002,42003080400,Block Group 2,G5030,S,204063,0,40.4551218,-79.9478971,Bloomfield,10,451.405,0.702,12,804,Yes,804,23,80400,2,970,1550,62.58064516,62.58,Yes,4632286.819,11705.18208
80,42,3,70900,2,420030709002,42003070900,Block Group 2,G5030,S,136793,0,40.4510923,-79.9473004,Shadyside,68,592.104,0.921,12,709,No,709,21,70900,4,2330,4015,58.03237858,58.03,Yes,8675546.799,15242.31792
81,42,3,70800,2,420030708002,42003070800,Block Group 2,G5030,S,262499,0,40.4551027,-79.9181947,Shadyside,68,592.104,0.921,12,708,No,708,20,70800,2,855,1830,46.72131148,46.72,No,4824166.804,10071.49103
82,42,3,300100,5,420033001005,42003300100,Block Group 5,G5030,S,121963,0,40.4109357,-79.9931744,Knoxville,44,193.982,0.302,6,3001,Yes,3001,104,300100,6,2900,4255,68.15511163,68.15,Yes,8409571.684,12045.74574
83,42,3,270800,3,420032708003,42003270800,Block Group 3,G5030,S,633737,0,40.4865869,-80.0297229,Brighton Heights,13,718.262,1.117,2,2708,No,2708,97,270800,3,865,2760,31.34057971,31.34,No,13631527.41,17856.12989
84,42,3,981200,1,420039812001,42003981200,Block Group 1,G5030,S,460856,156623,40.4464954,-80.011984,North Shore,57,195.014,0.303,16,9812,No,9812,136,981200,1,0,0,0,0,No,5085253.552,10852.96936
85,42,3,281400,1,420032814001,42003281400,Block Group 1,G5030,S,348105,0,40.449631,-80.0569283,Crafton Heights,23,484.575,0.754,4,2814,Yes,2814,99,281400,2,1525,2520,60.51587302,60.51,Yes,14294254.95,15891.97058
86,42,3,281500,2,420032815002,42003281500,Block Group 2,G5030,S,312994,0,40.4407028,-80.0568585,Crafton Heights,23,484.575,0.754,4,2815,No,2815,100,281500,2,835,1445,57.78546713,57.78,Yes,6634492.273,11661.05815
87,42,3,140500,3,420031405003,42003140500,Block Group 3,G5030,S,172851,0,40.4523867,-79.9073195,Point Breeze North,64,183.781,0.286,11,1405,No,1405,54,140500,3,790,1710,46.19883041,46.19,No,8153696.662,14047.07882
88,42,3,290200,4,420032902004,42003290200,Block Group 4,G5030,S,164293,0,40.3995328,-79.9865844,Carrick,16,1075.67,1.673,5,2902,Yes,2902,102,290200,5,2455,4015,61.14570361,61.14,Yes,15703404.2,20894.70316
89,42,3,70600,2,420030706002,42003070600,Block Group 2,G5030,S,145020,0,40.4519412,-79.9274585,Shadyside,68,592.104,0.921,12,706,No,706,19,70600,2,1045,2095,49.88066826,49.88,No,3118462.679,8884.446253
90,42,3,70500,3,420030705003,42003070500,Block Group 3,G5030,S,196368,0,40.4574217,-79.9293781,Shadyside,68,592.104,0.921,12,705,No,705,18,70500,3,1575,3090,50.97087379,50.97,No,4442467.662,8633.263179
91,42,3,70300,3,420030703003,42003070300,Block Group 3,G5030,S,214195,0,40.4501627,-79.9374007,Shadyside,68,592.104,0.921,12,703,No,703,17,70300,3,725,1865,38.87399464,38.87,No,4612449.271,8768.511796
92,42,3,60500,2,420030605002,42003060500,Block Group 2,G5030,S,255123,0,40.458604,-79.9613007,Polish Hill,65,163.677,0.255,13,605,No,605,16,60500,2,760,1330,57.14285714,57.14,Yes,7097882.299,14887.03369
93,42,3,980600,1,420039806001,42003980600,Block Group 1,G5030,S,982752,473795,40.4518148,-80.0280506,Chateau,22,246.501,0.383,3,9806,No,9806,130,980600,1,0,0,0,0,No,10687972.52,19600.6834
94,42,3,140100,3,420031401003,42003140100,Block Group 3,G5030,S,291302,0,40.4427301,-79.9435821,Squirrel Hill North,76,785.948,1.222,10,1401,No,1401,50,140100,4,625,2265,27.59381898,27.59,No,15761277.71,16954.46316
95,42,3,290100,1,420032901001,42003290100,Block Group 1,G5030,S,743167,0,40.401739,-79.9944877,Carrick,16,1075.67,1.673,5,2901,Yes,2901,101,290100,3,1575,2200,71.59090909,71.59,Yes,13665833.23,18906.24507
96,42,3,51100,1,420030511001,42003051100,Block Group 1,G5030,S,183645,0,40.4416579,-79.9764621,Terrace Village,83,219.783,0.342,15,511,Yes,511,14,51100,1,315,325,96.92307692,96.92,Yes,2087063.591,6208.941238
97,42,3,51000,2,420030510002,42003051000,Block Group 2,G5030,S,385060,0,40.4459973,-79.9651193,Terrace Village,83,219.783,0.342,15,510,Yes,510,13,51000,2,1015,1110,91.44144144,91.44,Yes,7443234.805,15533.47982
98,42,3,50900,1,420030509001,42003050900,Block Group 1,G5030,S,462660,4114,40.4512373,-79.9745804,Bedford Dwellings,7,115.252,0.179,15,509,Yes,509,12,50900,1,1325,1350,98.14814815,98.14,Yes,4997844.769,14216.96471
99,42,3,141000,1,420031410001,42003141000,Block Group 1,G5030,S,507903,0,40.4328896,-79.8976172,Regent Square,66,123.682,0.192,10,1410,No,1410,57,141000,1,165,1035,15.94202899,15.94,No,5360983.547,16004.73429
100,42,3,140800,3,420031408003,42003140800,Block Group 3,G5030,S,107775,0,40.4310415,-79.9212387,Squirrel Hill South,77,1717.485,2.671,10,1408,No,1408,56,140800,3,1725,4680,36.85897436,36.85,No,11721682.08,18252.37641
101,42,3,140400,3,420031404003,42003140400,Block Group 3,G5030,S,425133,0,40.4492147,-79.9182174,Point Breeze,63,645.695,1.004,10,1404,No,1404,53,140400,3,340,2330,14.59227468,14.59,No,8982840.379,12031.63888
102,42,3,191500,2,420031915002,42003191500,Block Group 2,G5030,S,275067,0,40.4231324,-80.0088702,Mount Washington,54,732.495,1.139,6,1915,Yes,1915,72,191500,2,1265,1910,66.23036649,66.23,Yes,8495739.85,18313.49948
103,42,3,562500,2,420035625002,42003562500,Block Group 2,G5030,S,471697,0,40.4561319,-80.0477532,Sheraden,69,572.125,0.89,4,5625,Yes,5625,117,562500,4,2035,3080,66.07142857,66.07,Yes,21670236.54,28031.85491
104,42,3,310200,4,420033102004,42003310200,Block Group 4,G5030,S,1047140,0,40.3745282,-79.9191876,Lincoln Place,46,632.497,0.984,8,3102,No,3102,105,310200,5,1510,3500,43.14285714,43.14,No,27412783.55,27506.00828
105,42,3,320400,3,420033204003,42003320400,Block Group 3,G5030,S,196086,0,40.3911959,-79.9952543,Overbrook,60,539.515,0.839,5,3204,No,3204,107,320400,3,970,2065,46.97336562,46.97,No,9190157.532,21092.94303
106,42,3,140300,4,420031403004,42003140300,Block Group 4,G5030,S,244015,0,40.442733,-79.9230623,Squirrel Hill North,76,785.948,1.222,10,1403,No,1403,52,140300,4,1025,3695,27.74018945,27.74,No,10141741.86,14431.31141
107,42,3,140200,2,420031402002,42003140200,Block Group 2,G5030,S,336251,0,40.4470935,-79.9297264,Squirrel Hill North,76,785.948,1.222,10,1402,No,1402,51,140200,2,760,1900,40,40,No,8174368.269,13410.65985
108,42,3,271500,3,420032715003,42003271500,Block Group 3,G5030,S,388703,0,40.4716738,-80.0340754,Marshall-Shadeland,50,657.903,1.023,2,2715,Yes,2715,98,271500,3,2145,2990,71.73913043,71.73,Yes,15043663.07,26355.30303
109,42,3,563200,2,420035632002,42003563200,Block Group 2,G5030,S,294331,0,40.4535118,-79.997936,East Allegheny,26,151.705,0.236,3,5632,Yes,5632,124,563200,3,1420,2260,62.83185841,62.83,Yes,9959253.314,18758.7905
110,42,3,192000,2,420031920002,42003192000,Block Group 2,G5030,S,246368,0,40.4016212,-80.0253551,Beechview,8,938.804,1.46,5,1920,Yes,1920,77,192000,5,1805,3535,51.06082037,51.06,Yes,14665072.89,18610.29002
111,42,3,320600,1,420033206001,42003320600,Block Group 1,G5030,S,656883,0,40.3971295,-80.0068447,Brookline,14,1338.669,2.082,5,3206,No,3206,108,320600,2,940,2270,41.40969163,41.4,No,15751983.45,17517.11686
112,42,3,320700,1,420033207001,42003320700,Block Group 1,G5030,S,730543,0,40.3857238,-80.0009505,Overbrook,60,539.515,0.839,5,3207,No,3207,109,320700,2,730,1515,48.18481848,48.18,No,14197043.32,22379.84857
113,42,3,130400,3,420031304003,42003130400,Block Group 3,G5030,S,115917,0,40.449689,-79.8859784,Homewood South,42,256.093,0.398,11,1304,Yes,1304,48,130400,3,760,975,77.94871795,77.94,Yes,5042686.377,10085.99016
114,42,3,130300,3,420031303003,42003130300,Block Group 3,G5030,S,232737,0,40.4556706,-79.899875,Homewood South,42,256.093,0.398,11,1303,Yes,1303,47,130300,3,995,1280,77.734375,77.73,Yes,5870150.185,11632.68485
115,42,3,130200,2,420031302002,42003130200,Block Group 2,G5030,S,186305,0,40.4594767,-79.8955903,Homewood North,41,279.14,0.434,11,1302,Yes,1302,46,130200,2,1175,1420,82.74647887,82.74,Yes,3750752.098,9101.215785
116,42,3,270300,2,420032703002,42003270300,Block Group 2,G5030,S,217586,0,40.4768739,-80.0397868,Brighton Heights,13,718.262,1.117,2,2703,Yes,2703,95,270300,2,1235,2050,60.24390244,60.24,Yes,6442275.712,12922.00092
117,42,3,980400,1,420039804001,42003980400,Block Group 1,G5030,S,1106408,0,40.4819387,-80.0200201,Perry North,61,779.088,1.212,2,9804,No,9804,128,980400,1,0,0,0,0,No,11915689.87,23753.96149
118,42,3,481000,2,420034810002,42003481000,Block Group 2,G5030,S,211451,0,40.4120501,-79.9841274,Mount Oliver Borough,0,218.225,0.339,0,4810,No,4810,110,481000,4,0,0,0,0,No,9456833.294,13617.75708
119,42,3,130100,3,420031301003,42003130100,Block Group 3,G5030,S,156450,0,40.4613144,-79.8987905,Homewood North,41,279.14,0.434,11,1301,Yes,1301,45,130100,3,1750,1945,89.97429306,89.97,Yes,8353800.705,20012.98594
120,42,3,120800,2,420031208002,42003120800,Block Group 2,G5030,S,533380,0,40.4589802,-79.9121415,Larimer,45,286.16,0.445,12,1208,Yes,1208,44,120800,2,580,715,81.11888112,81.11,Yes,7707625.459,14354.5522
121,42,3,120700,2,420031207002,42003120700,Block Group 2,G5030,S,200053,0,40.4569713,-79.9050701,Homewood West,43,127.819,0.199,11,1207,Yes,1207,43,120700,2,565,830,68.07228916,68.07,Yes,5548059.31,10086.39463
122,42,3,980300,1,420039803001,42003980300,Block Group 1,G5030,S,1294099,0,40.4325504,-79.905723,Squirrel Hill South,77,1717.485,2.671,10,9803,Yes,9803,127,980300,1,0,0,0,0,No,14040502.14,18179.24339
123,42,3,562800,2,420035628002,42003562800,Block Group 2,G5030,S,653726,0,40.4269246,-80.0658036,Oakwood,59,162.015,0.252,4,5628,Yes,5628,120,562800,2,1025,1635,62.6911315,62.69,Yes,18958847.27,28692.51933
124,42,3,120300,2,420031203002,42003120300,Block Group 2,G5030,S,303104,0,40.466743,-79.9005376,Lincoln-Lemington-Belmar,47,984.873,1.532,11,1203,Yes,1203,41,120300,2,1400,1785,78.43137255,78.43,Yes,11629224.6,14333.29213
125,42,3,111500,4,420031115004,42003111500,Block Group 4,G5030,S,273819,0,40.4612717,-79.9187769,East Liberty,29,373.65,0.581,12,1115,Yes,1115,40,111500,4,2380,2960,80.40540541,80.4,Yes,10372605.76,15392.40372
126,42,3,310300,1,420033103001,42003310300,Block Group 1,G5030,S,2048522,0,40.3879201,-79.9225537,New Homestead,55,510.728,0.794,8,3103,No,3103,106,310300,1,270,975,27.69230769,27.69,No,22145349.28,22945.93728
127,42,3,111400,2,420031114002,42003111400,Block Group 2,G5030,S,172205,0,40.4669071,-79.9332758,Garfield,35,294.077,0.457,12,1114,Yes,1114,39,111400,2,1070,1425,75.0877193,75.08,Yes,3526196.876,7827.927879
128,42,3,111300,4,420031113004,42003111300,Block Group 4,G5030,S,161217,0,40.4674207,-79.9196807,East Liberty,29,373.65,0.581,12,1113,Yes,1113,38,111300,4,1470,2320,63.36206897,63.36,Yes,5829473.788,12415.37049
129,42,3,50600,3,420030506003,42003050600,Block Group 3,G5030,S,287852,0,40.450723,-79.9591365,Upper Hill,85,201.167,0.313,15,506,Yes,506,11,50600,3,1355,1865,72.6541555,72.65,Yes,8721363.203,11857.17193
130,42,3,980500,1,420039805001,42003980500,Block Group 1,G5030,S,1603807,8799,40.4327243,-79.9436647,Squirrel Hill South,77,1717.485,2.671,10,9805,No,9805,129,980500,1,0,0,0,0,No,17324024.91,19427.11104
131,42,3,160900,2,420031609002,42003160900,Block Group 2,G5030,S,838891,282865,40.4217339,-79.9608102,South Side Flats,72,601.553,0.936,7,1609,Yes,1609,64,160900,2,1580,3210,49.2211838,49.22,No,14036564.38,23501.98145
132,42,3,50100,3,420030501003,42003050100,Block Group 3,G5030,S,308316,0,40.4459724,-79.9776953,Middle Hill,51,196.108,0.305,15,501,Yes,501,10,50100,3,1380,1730,79.76878613,79.76,Yes,8503728.485,14504.8571
133,42,3,40600,1,420030406001,42003040600,Block Group 1,G5030,S,253063,0,40.4367501,-79.9522852,Central Oakland,20,180.883,0.281,14,406,Yes,406,8,40600,1,1935,2195,88.15489749,88.15,Yes,2763504.646,8033.653289
134,42,3,270100,2,420032701002,42003270100,Block Group 2,G5030,S,604710,131921,40.4824127,-80.046162,Brighton Heights,13,718.262,1.117,2,2701,No,2701,94,270100,2,945,2475,38.18181818,38.18,No,11073553.27,14197.34352
135,42,3,980900,1,420039809001,42003980900,Block Group 1,G5030,S,1453388,854869,40.4659231,-80.0458881,Marshall-Shadeland,50,657.903,1.023,2,9809,No,9809,133,980900,2,0,0,0,0,No,15648985.01,29884.79977
136,42,3,250700,1,420032507001,42003250700,Block Group 1,G5030,S,560320,0,40.4599421,-80.0218657,California-Kirkbride,15,139.552,0.217,3,2507,Yes,2507,85,250700,1,555,765,72.54901961,72.54,Yes,6050816.654,11709.51876
137,42,3,270400,1,420032704001,42003270400,Block Group 1,G5030,S,395541,0,40.4654064,-80.0285012,Marshall-Shadeland,50,657.903,1.023,2,2704,Yes,2704,96,270400,1,675,1035,65.2173913,65.21,Yes,4256393.325,9062.212499
138,42,3,980800,1,420039808001,42003980800,Block Group 1,G5030,S,400091,163596,40.4341374,-79.9683957,South Oakland,70,326.793,0.508,14,9808,No,9808,132,980800,1,0,0,0,0,No,4213612.004,15681.91303
